{"initial_reset_timestamp": 1583068397.2143016, "timestamps": [1583068400.0190134, 1583068401.799911, 1583068402.646277, 1583068403.4491653, 1583068403.4794025, 1583068404.5566292, 1583068404.6154442, 1583068405.3503187, 1583068407.833876, 1583068407.9112916, 1583068407.9570458, 1583068407.9997625, 1583068408.0387769, 1583068408.0946138, 1583068408.1278553, 1583068408.179088, 1583068409.1481354, 1583068410.070946, 1583068410.1251628, 1583068410.9379811, 1583068411.9172115, 1583068411.9817908, 1583068412.0192456, 1583068412.0828865, 1583068412.1332588, 1583068412.1718876, 1583068412.2307487, 1583068414.250954, 1583068415.1146283, 1583068415.160333, 1583068415.219928, 1583068415.2616248, 1583068415.3016498, 1583068416.0194416, 1583068416.0764654, 1583068417.11024, 1583068418.1496394, 1583068418.1913502, 1583068418.2496576, 1583068418.2939804, 1583068418.3254926, 1583068419.204707, 1583068419.2626383, 1583068419.2912579, 1583068419.3276649, 1583068419.379694, 1583068419.420063, 1583068419.47529, 1583068419.5223424, 1583068419.5711339, 1583068420.4132535, 1583068421.325278, 1583068422.1451392, 1583068423.0697544, 1583068423.1056898, 1583068423.1419408, 1583068423.1998694, 1583068424.0951207, 1583068424.867516, 1583068425.610187, 1583068425.6700492, 1583068425.7210062, 1583068425.7631254, 1583068425.8154836, 1583068427.6507459, 1583068427.7295957, 1583068428.8608742, 1583068428.9008942, 1583068428.9469948, 1583068429.8240168, 1583068429.8743649, 1583068429.9140167, 1583068429.9442453, 1583068429.9965417, 1583068430.047629, 1583068430.0834997, 1583068430.1135244, 1583068431.0124528, 1583068431.065542, 1583068432.0715735, 1583068433.1005561, 1583068433.1593287, 1583068433.2104197, 1583068433.2544177, 1583068434.1544852, 1583068434.2039988, 1583068435.21965, 1583068435.26248, 1583068435.3079083, 1583068435.344682, 1583068435.3799984, 1583068436.1395168, 1583068436.1928751, 1583068437.2116919, 1583068438.1946516, 1583068438.252692, 1583068438.3059647, 1583068438.3829343, 1583068439.3370283, 1583068439.3898547], "episode_lengths": [164, 106, 1000, 1000, 95, 1000, 172, 1000, 150, 119, 128, 124, 106, 150, 98, 144, 1000, 1000, 157, 1000, 1000, 177, 116, 160, 151, 115, 170, 122, 1000, 128, 172, 131, 125, 1000, 147, 1000, 1000, 120, 174, 135, 103, 1000, 172, 91, 117, 162, 127, 169, 143, 145, 1000, 1000, 1000, 1000, 108, 112, 168, 1000, 1000, 1000, 178, 154, 124, 153, 111, 120, 1000, 121, 136, 1000, 152, 124, 98, 151, 138, 105, 95, 1000, 143, 1000, 1000, 168, 149, 131, 1000, 141, 1000, 132, 138, 110, 109, 1000, 155, 1000, 1000, 170, 154, 193, 1000, 158], "episode_rewards": [44.898802062828736, 15.317620654218814, 99.72878184025637, 127.12929648327686, 25.503132800798596, 151.38414489045013, 25.97467394691715, 73.72303474866398, 36.44607577479434, 21.979090409344963, 19.718888434951253, 18.568543820546736, 29.68328131284892, 1.0458684758273478, 40.24593516034969, 50.13055839028124, 130.60587013047527, 103.80290290975624, 48.429128406546994, 129.64763716355557, 88.52234838772335, 18.146134931996826, 34.42231086171137, 28.509949767965793, 6.421187031462324, 47.444049441818095, -5.581975360747052, 36.30448173060995, 153.29187227034433, 60.43471062746221, 45.928903284202704, 1.3232761272402627, 39.016724075518226, 98.82949013753905, 35.6089349197658, 96.63526874514089, 138.46728744051944, 34.37868918110169, 48.29155418446754, 61.94711187672925, 22.07776913010919, 126.22215029768287, 24.397812863281246, 25.33615641537361, 16.018650114376655, 21.242430923145164, 45.75109529765919, 23.991207522607553, 55.76341476122954, 14.243144998974557, 109.86027625277454, 135.66345286242455, 102.79225086352653, 135.93911065422535, 12.299581494466281, 37.24464089788245, 74.47117445637687, 108.90053771797902, 132.81490413731666, 179.29672812120248, 3.2118846947958986, 29.152305579114653, 63.21190190600967, 38.95874844536016, 24.727216548796036, 14.193599076065325, 138.45897728737782, 29.939698197337492, 13.951811340876489, 28.139669898453405, 47.20973436856377, 39.797286395524964, -35.008976874603135, 81.39415103801306, 22.395004263165518, -8.211338853424095, 26.859569502734317, 119.45040060354701, 18.24925292418348, 93.47613658279917, 101.29390931866584, 28.125266200461738, 21.572359222533734, 45.190920897695776, 153.30263138591738, 47.14787008919794, 111.31036426237107, 28.657660527470767, 34.87381382132327, 32.902477053317995, 37.194352790924654, 166.5941144263261, -6.153647348829608, 99.71498798121367, 92.40641197748685, 46.54233867145766, 22.467053596784893, 1.105752746166928, 105.26463355440012, 13.007103553556988], "episode_types": ["t", "t", "t", "t", "t", "t", "t", "t", "t", "t", "t", "t", "t", "t", "t", "t", "t", "t", "t", "t", "t", "t", "t", "t", "t", "t", "t", "t", "t", "t", "t", "t", "t", "t", "t", "t", "t", "t", "t", "t", "t", "t", "t", "t", "t", "t", "t", "t", "t", "t", "t", "t", "t", "t", "t", "t", "t", "t", "t", "t", "t", "t", "t", "t", "t", "t", "t", "t", "t", "t", "t", "t", "t", "t", "t", "t", "t", "t", "t", "t", "t", "t", "t", "t", "t", "t", "t", "t", "t", "t", "t", "t", "t", "t", "t", "t", "t", "t", "t", "t"]}